species_id,species,course_name,order,family,image_id,stage,role,quiz_default,file,pixels,author,source,source_page,license,license_url,source_batch,notes
frankliniella_occidentalis,Frankliniella occidentalis,Frankliniella occidentalis,Thysanoptera,Thripidae,frankliniella_occidentalis_adult_01,adult,primary_context,True,assets/insects/thysanoptera/frankliniella_occidentalis_adult_01.webp,1200x1053,Jesse Rorabaugh,Wikimedia Commons / iNaturalist,https://commons.wikimedia.org/wiki/File:Frankliniella_occidentalis_14827630.jpg,CC0 1.0,https://creativecommons.org/publicdomain/zero/1.0/,thysanoptera_batch_01,Adulto su fiore con scala da 1 mm.
frankliniella_occidentalis,Frankliniella occidentalis,Frankliniella occidentalis,Thysanoptera,Thripidae,frankliniella_occidentalis_adult_02,adult,diagnostic_closeup,True,assets/insects/thysanoptera/frankliniella_occidentalis_adult_02.webp,1200x723,"Frank Peairs, Colorado State University, Bugwood.org",Wikimedia Commons / Bugwood,https://commons.wikimedia.org/wiki/File:Frankliniella_occidentalis_5364132-LGPT.jpg,CC BY 3.0,https://creativecommons.org/licenses/by/3.0/,thysanoptera_batch_01,Adulto in macro; utile per forma generale e ali.
frankliniella_occidentalis,Frankliniella occidentalis,Frankliniella occidentalis,Thysanoptera,Thripidae,frankliniella_occidentalis_juvenile_01,juvenile,juvenile,True,assets/insects/thysanoptera/frankliniella_occidentalis_juvenile_01.webp,786x523,"Whitney Cranshaw, Colorado State University",USDA NAL i5k / Bugwood,https://i5k.nal.usda.gov/organism/836537,CC BY 3.0,https://creativecommons.org/licenses/by/3.0/,thysanoptera_batch_01,Stadio giovanile; la pagina USDA accredita l’immagine a Whitney Cranshaw con licenza CC BY.
thrips_tabaci,Thrips tabaci,Thrips tabaci,Thysanoptera,Thripidae,thrips_tabaci_adult_01,adult,diagnostic_isolated,True,assets/insects/thysanoptera/thrips_tabaci_adult_01.webp,261x529,"Alton N. Sparks, Jr., University of Georgia, Bugwood.org",Wikimedia Commons / Bugwood,https://commons.wikimedia.org/wiki/File:Thrips_tabaci.jpg,CC BY 3.0,https://creativecommons.org/licenses/by/3.0/,thysanoptera_batch_01,Adulto isolato; risoluzione originale modesta ma leggibile.
thrips_tabaci,Thrips tabaci,Thrips tabaci,Thysanoptera,Thripidae,thrips_tabaci_juvenile_01,juvenile,juvenile_context,True,assets/insects/thysanoptera/thrips_tabaci_juvenile_01.webp,768x512,"Whitney Cranshaw, Colorado State University, Bugwood.org",Bugwood / CABI reference,https://www.invasive.org/browse/detail.cfm?imgnum=1243058,CC BY 3.0 US,https://creativecommons.org/licenses/by/3.0/us/,thysanoptera_batch_01,Neanidi su foglia di cipolla; mantenere il contesto vegetale.
aphis_pomi,Aphis pomi,Aphis pomi,Hemiptera,Aphididae,aphis_pomi_colony_01,colony,primary_context,True,assets/insects/hemiptera/aphis_pomi_colony_01.webp,1024x683,InfluentialPoints,InfluentialPoints / Wikimedia Commons,https://commons.wikimedia.org/wiki/File:Aphis_pomi_colony_on_crab_apple_in_East_Sussex.jpg,CC BY 3.0,https://creativecommons.org/licenses/by/3.0/,hemiptera_batch_03_aleyrodidae_aphididae,Colonia su melo; molto utile per riconoscimento contestuale.
bemisia_tabaci,Bemisia tabaci,Bemisia tabaci,Hemiptera,Aleyrodidae,bemisia_tabaci_adult_01,adult,primary_diagnostic,True,assets/insects/hemiptera/bemisia_tabaci_adult_01.webp,1400x850,Stephen Ausmus,USDA Agricultural Research Service / Wikimedia Commons,https://commons.wikimedia.org/wiki/File:Bemisia_tabaci_from_USDA_2.jpg,Public domain (USDA ARS),https://commons.wikimedia.org/wiki/File:Bemisia_tabaci_from_USDA_2.jpg,hemiptera_batch_03_aleyrodidae_aphididae,Adulti in macro. Fonte federale USA; pubblico dominio.
bemisia_tabaci,Bemisia tabaci,Bemisia tabaci,Hemiptera,Aleyrodidae,bemisia_tabaci_adult_02,adult,context,True,assets/insects/hemiptera/bemisia_tabaci_adult_02.webp,1400x788,Wee Hong,Wikimedia Commons,https://commons.wikimedia.org/wiki/File:Bemisia_tabaci_under_leaf_of_eggplant.jpg,CC BY-SA 4.0,https://creativecommons.org/licenses/by-sa/4.0/,hemiptera_batch_03_aleyrodidae_aphididae,Adulto sulla pagina inferiore di foglia di melanzana.
bemisia_tabaci,Bemisia tabaci,Bemisia tabaci,Hemiptera,Aleyrodidae,bemisia_tabaci_nymph_01,nymph,juvenile,True,assets/insects/hemiptera/bemisia_tabaci_nymph_01.webp,1270x1126,CSIRO,CSIRO ScienceImage / Wikimedia Commons,https://commons.wikimedia.org/wiki/File:CSIRO_ScienceImage_1489_Silverleaf_whitefly_Bemisia_tabaci_biotype_B.jpg,CC BY 3.0,https://creativecommons.org/licenses/by/3.0/,hemiptera_batch_03_aleyrodidae_aphididae,Ninfe sulla pagina inferiore di una foglia.
bemisia_tabaci,Bemisia tabaci,Bemisia tabaci,Hemiptera,Aleyrodidae,bemisia_tabaci_puparium_01,puparium,juvenile_diagnostic,False,assets/insects/hemiptera/bemisia_tabaci_puparium_01.webp,396x380,Gabriel TERRAZ,Wikimedia Commons,https://commons.wikimedia.org/wiki/File:Puparium_of_Bemisia_tabaci.jpg,CC BY-SA 3.0,https://creativecommons.org/licenses/by-sa/3.0/,hemiptera_batch_03_aleyrodidae_aphididae,"Pupario su peperone dolce; originale di risoluzione modesta, non ingrandito."
cacopsylla_melanoneura,Cacopsylla melanoneura,Cacopsylla melanoneura,Hemiptera,Psyllidae,cacopsylla_melanoneura_female_01,adult_female,primary_adult,True,assets/insects/hemiptera/psyllidae/cacopsylla_melanoneura_female_01.webp,1011x948,Yerpo,Wikimedia Commons,https://commons.wikimedia.org/wiki/File:Cacopsylla_melanoneura-F.jpg,CC BY-SA 4.0,https://creativecommons.org/licenses/by-sa/4.0/,hemiptera_batch_02_cacopsylla_recovery,Femmina adulta su ramo di Crataegus; identificazione riportata dalla fonte.
cacopsylla_melanoneura,Cacopsylla melanoneura,Cacopsylla melanoneura,Hemiptera,Psyllidae,cacopsylla_melanoneura_male_01,adult_male,adult_variant,True,assets/insects/hemiptera/psyllidae/cacopsylla_melanoneura_male_01.webp,1026x957,Yerpo,Wikimedia Commons,https://commons.wikimedia.org/wiki/File:Cacopsylla_melanoneura-M.jpg,CC BY-SA 4.0,https://creativecommons.org/licenses/by-sa/4.0/,hemiptera_batch_02_cacopsylla_recovery,Maschio adulto su ramo di Crataegus; identificazione riportata dalla fonte.
cacopsylla_picta,Cacopsylla picta,Cacopsylla picta,Hemiptera,Psyllidae,cacopsylla_picta_female_01,adult_female,primary_adult,True,assets/insects/hemiptera/psyllidae/cacopsylla_picta_female_01.webp,1080x1218,Yerpo,Wikimedia Commons,https://commons.wikimedia.org/wiki/File:Cacopsylla_picta-F.jpg,CC BY-SA 4.0,https://creativecommons.org/licenses/by-sa/4.0/,hemiptera_batch_02_cacopsylla_recovery,Femmina adulta fotografata su ramo di melo.
cacopsylla_picta,Cacopsylla picta,Cacopsylla picta,Hemiptera,Psyllidae,cacopsylla_picta_male_01,adult_male,adult_variant,True,assets/insects/hemiptera/psyllidae/cacopsylla_picta_male_01.webp,867x996,Yerpo,Wikimedia Commons,https://commons.wikimedia.org/wiki/File:Cacopsylla_picta-M.jpg,CC BY-SA 4.0,https://creativecommons.org/licenses/by-sa/4.0/,hemiptera_batch_02_cacopsylla_recovery,Maschio adulto fotografato su ramo di melo.
cacopsylla_pruni,Cacopsylla pruni,Cacopsylla pruni,Hemiptera,Psyllidae,cacopsylla_pruni_adult_01,adult,primary_context,True,assets/insects/hemiptera/psyllidae/cacopsylla_pruni_adult_01.webp,1400x700,Alberto Loschi,Wikimedia Commons,https://commons.wikimedia.org/wiki/File:A_rest_in_the_green.jpg,CC BY 4.0,https://creativecommons.org/licenses/by/4.0/,hemiptera_batch_02_cacopsylla_recovery,Adulto su foglia di albicocco; macro contestuale.
cacopsylla_pyri,Cacopsylla pyri,Cacopsylla pyri,Hemiptera,Psyllidae,cacopsylla_pyri_adult_01,adult,primary_adult_low_resolution,True,assets/insects/hemiptera/psyllidae/cacopsylla_pyri_adult_01.webp,508x340,Mick E. Talbot,Wikimedia Commons / Flickr,https://commons.wikimedia.org/wiki/File:Psylla_pyri.jpg,CC BY 2.0,https://creativecommons.org/licenses/by/2.0/,hemiptera_batch_02_cacopsylla_recovery,Adulto; originale 508x340 px. Non è stato effettuato upscaling; Commons segnala la qualità come modesta.
cacopsylla_pyri,Cacopsylla pyri,Cacopsylla pyri,Hemiptera,Psyllidae,cacopsylla_pyri_head_diagnostic_01,adult_diagnostic,diagnostic_head,False,assets/insects/hemiptera/psyllidae/cacopsylla_pyri_head_diagnostic_01.webp,620x395,"Rapisarda C., Weigand A.M., Braun P., Eickermann M. (2022)",Biodiversity Data Journal / Wikimedia Commons,https://commons.wikimedia.org/wiki/File:Psylloidea_(10.3897-BDJ.10.e77571)_Figure_2.png,CC BY 4.0,https://creativecommons.org/licenses/by/4.0/,hemiptera_batch_02_cacopsylla_recovery,Ritaglio del pannello L della Fig. 2 (strutture del capo). Immagine modificata esclusivamente tramite ritaglio.
cacopsylla_pyri,Cacopsylla pyri,Cacopsylla pyri,Hemiptera,Psyllidae,cacopsylla_pyri_forewing_diagnostic_01,adult_diagnostic,diagnostic_forewing,False,assets/insects/hemiptera/psyllidae/cacopsylla_pyri_forewing_diagnostic_01.webp,627x320,"Rapisarda C., Weigand A.M., Braun P., Eickermann M. (2022)",Biodiversity Data Journal / Wikimedia Commons,https://commons.wikimedia.org/wiki/File:Psylloidea_(10.3897-BDJ.10.e77571)_Figure_6.png,CC BY 4.0,https://creativecommons.org/licenses/by/4.0/,hemiptera_batch_02_cacopsylla_recovery,Ritaglio del pannello L della Fig. 6 (ala anteriore). Immagine modificata esclusivamente tramite ritaglio.
cacopsylla_pyricola,Cacopsylla pyricola,Cacopsylla pyricola,Hemiptera,Psyllidae,cacopsylla_pyricola_head_diagnostic_01,adult_diagnostic,diagnostic_head,False,assets/insects/hemiptera/psyllidae/cacopsylla_pyricola_head_diagnostic_01.webp,620x390,"Rapisarda C., Weigand A.M., Braun P., Eickermann M. (2022)",Biodiversity Data Journal / Wikimedia Commons,https://commons.wikimedia.org/wiki/File:Psylloidea_(10.3897-BDJ.10.e77571)_Figure_2.png,CC BY 4.0,https://creativecommons.org/licenses/by/4.0/,hemiptera_batch_02_cacopsylla_recovery,Ritaglio del pannello M della Fig. 2 (strutture del capo). Immagine modificata esclusivamente tramite ritaglio.
cacopsylla_pyricola,Cacopsylla pyricola,Cacopsylla pyricola,Hemiptera,Psyllidae,cacopsylla_pyricola_forewing_diagnostic_01,adult_diagnostic,diagnostic_forewing,False,assets/insects/hemiptera/psyllidae/cacopsylla_pyricola_forewing_diagnostic_01.webp,625x315,"Rapisarda C., Weigand A.M., Braun P., Eickermann M. (2022)",Biodiversity Data Journal / Wikimedia Commons,https://commons.wikimedia.org/wiki/File:Psylloidea_(10.3897-BDJ.10.e77571)_Figure_6.png,CC BY 4.0,https://creativecommons.org/licenses/by/4.0/,hemiptera_batch_02_cacopsylla_recovery,Ritaglio del pannello M della Fig. 6 (ala anteriore). Immagine modificata esclusivamente tramite ritaglio.
cacopsylla_pyricola,Cacopsylla pyricola,Cacopsylla pyricola,Hemiptera,Psyllidae,cacopsylla_pyricola_adult_historical_01,adult_female,historical_reference,False,assets/insects/hemiptera/psyllidae/cacopsylla_pyricola_adult_historical_01.webp,735x645,C. L. Marlatt,"U.S. Department of Agriculture, Division of Entomology, Circular No. 7, 1895",https://upload.wikimedia.org/wikipedia/commons/7/72/Pear-tree_psylla_%28Psylla_pyricola_Forest%29_%28IA_peartreepsyllaps27marl%29.pdf,Public domain,,hemiptera_batch_02_cacopsylla_recovery,"Ritaglio della Fig. 1: femmina adulta. Illustrazione storica, non fotografia; non usare nel quiz fotografico standard."
cacopsylla_pyricola,Cacopsylla pyricola,Cacopsylla pyricola,Hemiptera,Psyllidae,cacopsylla_pyricola_egg_early_juvenile_historical_01,egg_and_early_juvenile,historical_reference,False,assets/insects/hemiptera/psyllidae/cacopsylla_pyricola_egg_early_juvenile_historical_01.webp,425x395,C. L. Marlatt,"U.S. Department of Agriculture, Division of Entomology, Circular No. 7, 1895",https://upload.wikimedia.org/wikipedia/commons/7/72/Pear-tree_psylla_%28Psylla_pyricola_Forest%29_%28IA_peartreepsyllaps27marl%29.pdf,Public domain,,hemiptera_batch_02_cacopsylla_recovery,Ritaglio della Fig. 2. La didascalia storica usa il termine 'larva'; nell'app moderna classificare come stadio giovanile precoce e non usare la terminologia storica come definizione attuale.
cacopsylla_pyricola,Cacopsylla pyricola,Cacopsylla pyricola,Hemiptera,Psyllidae,cacopsylla_pyricola_nymph_historical_01,nymph,historical_reference,False,assets/insects/hemiptera/psyllidae/cacopsylla_pyricola_nymph_historical_01.webp,420x485,C. L. Marlatt,"U.S. Department of Agriculture, Division of Entomology, Circular No. 7, 1895",https://upload.wikimedia.org/wikipedia/commons/7/72/Pear-tree_psylla_%28Psylla_pyricola_Forest%29_%28IA_peartreepsyllaps27marl%29.pdf,Public domain,,hemiptera_batch_02_cacopsylla_recovery,"Ritaglio della Fig. 3: ninfa. Illustrazione storica, da usare come riferimento/approfondimento."
dysaphis_plantaginea,Dysaphis plantaginea,Dysaphis plantaginea,Hemiptera,Aphididae,dysaphis_plantaginea_adult_01,adult,primary_diagnostic,True,assets/insects/hemiptera/dysaphis_plantaginea_adult_01.webp,1400x1050,Zapote,Wikimedia Commons,https://commons.wikimedia.org/wiki/File:Dysaphis_plantaginea_cropped.jpg,CC BY-SA 3.0,https://creativecommons.org/licenses/by-sa/3.0/,hemiptera_batch_03_aleyrodidae_aphididae,Forma adulta su foglia; immagine già ritagliata su Commons dall’originale dello stesso autore.
eriosoma_lanigerum,Eriosoma lanigerum,Eriosoma lanigerum,Hemiptera,Aphididae,eriosoma_lanigerum_colony_01,colony,primary_diagnostic,True,assets/insects/hemiptera/eriosoma_lanigerum_colony_01.webp,1400x933,Sanjay Acharya,Wikimedia Commons,https://commons.wikimedia.org/wiki/File:Woolly_Aphids.jpg,CC BY-SA 4.0,https://creativecommons.org/licenses/by-sa/4.0/,hemiptera_batch_03_aleyrodidae_aphididae,Colonia cerosa su melo; mostra bene il caratteristico aspetto lanoso.
halyomorpha_halys,Halyomorpha halys,Halyomorpha halys,Hemiptera,Pentatomidae,halyomorpha_halys_adult_01,adult,primary_diagnostic,True,assets/insects/hemiptera/halyomorpha_halys_adult_01.webp,1200x1032,Rylie.gibson,Wikimedia Commons,https://commons.wikimedia.org/wiki/File:Halyomorpha_halys_(Stål_1855).jpg,CC BY-SA 4.0,https://creativecommons.org/licenses/by-sa/4.0/,hemiptera_batch_01,"Adulto dorsale isolato con scala. Conversione JPEG→WebP e ridimensionamento, senza altri ritocchi."
halyomorpha_halys,Halyomorpha halys,Halyomorpha halys,Hemiptera,Pentatomidae,halyomorpha_halys_adult_02,adult,adult_variant,True,assets/insects/hemiptera/halyomorpha_halys_adult_02.webp,807x1076,Lildobe,Wikimedia Commons,https://commons.wikimedia.org/wiki/File:Brown_marmorated_stink_bug.jpg,CC BY-SA 3.0,https://creativecommons.org/licenses/by-sa/3.0/,hemiptera_batch_01,Adulto in vista dorsale/obliqua. Conversione JPEG→WebP e ridimensionamento.
halyomorpha_halys,Halyomorpha halys,Halyomorpha halys,Hemiptera,Pentatomidae,halyomorpha_halys_nymph_01,nymph,juvenile,True,assets/insects/hemiptera/halyomorpha_halys_nymph_01.webp,1200x900,KENPEI,Wikimedia Commons,https://commons.wikimedia.org/wiki/File:Halyomorpha_halys(nymphs)1.jpg,CC BY-SA 3.0,https://creativecommons.org/licenses/by-sa/3.0/,hemiptera_batch_01,Ninfa avanzata su vegetazione. Conversione JPEG→WebP e ridimensionamento.
halyomorpha_halys,Halyomorpha halys,Halyomorpha halys,Hemiptera,Pentatomidae,halyomorpha_halys_eggs_01,eggs_hatching,eggs_and_first_instar,False,assets/insects/hemiptera/halyomorpha_halys_eggs_01.webp,1200x800,"David R. Lance, USDA APHIS PPQ",Wikimedia Commons / Invasive.org / Bugwood,https://commons.wikimedia.org/wiki/File:Brown_marmorated_stink_bug_eggs_hatched.jpg,CC BY 3.0 US,https://creativecommons.org/licenses/by/3.0/us/,hemiptera_batch_01,Ovatura schiusa e neanidi di I età. Conversione JPEG→WebP e ridimensionamento.
hyalesthes_obsoletus,Hyalesthes obsoletus,Hyalesthes obsoletus,Hemiptera,Cixiidae,hyalesthes_obsoletus_adult_01,adult,primary_diagnostic,True,assets/insects/hemiptera/hyalesthes_obsoletus_adult_01.webp,1200x900,Michael F. Schönitzer,Wikimedia Commons / Zoologische Staatssammlung München,https://commons.wikimedia.org/wiki/File:Hyalesthes_obsoletus1.jpg,CC BY-SA 4.0,https://creativecommons.org/licenses/by-sa/4.0/,hemiptera_batch_01,Adulto in macro latero-dorsale. Conversione JPEG→WebP e ridimensionamento.
hyalesthes_obsoletus,Hyalesthes obsoletus,Hyalesthes obsoletus,Hemiptera,Cixiidae,hyalesthes_obsoletus_adult_02,adult,adult_variant,True,assets/insects/hemiptera/hyalesthes_obsoletus_adult_02.webp,1200x678,Michael F. Schönitzer,Wikimedia Commons / Zoologische Staatssammlung München,https://commons.wikimedia.org/wiki/File:Hyalesthes_obsoletus2.jpg,CC BY-SA 4.0,https://creativecommons.org/licenses/by-sa/4.0/,hemiptera_batch_01,Seconda vista dell'adulto. Conversione JPEG→WebP e ridimensionamento.
icerya_purchasi,Icerya purchasi,Icerya purchasi,Hemiptera,Monophlebidae,icerya_purchasi_female_ovisac_01,adult_female_ovisac,primary,True,assets/insects/hemiptera/coccoidea/icerya_purchasi_female_ovisac_01.webp,1400x1102,Lucarelli,Wikimedia Commons,https://commons.wikimedia.org/wiki/File:Icerya_purchasi_1.JPG,CC BY-SA 3.0,https://creativecommons.org/licenses/by-sa/3.0/,hemiptera_batch_04_coccoidea,"Femmina con ovisacco, fotografata in Toscana. Conversione JPEG→WebP e ridimensionamento se necessario."
icerya_purchasi,Icerya purchasi,Icerya purchasi,Hemiptera,Monophlebidae,icerya_purchasi_female_ovisac_02,adult_female_ovisac,secondary_macro,True,assets/insects/hemiptera/coccoidea/icerya_purchasi_female_ovisac_02.webp,960x640,Graham Wise,Wikimedia Commons / Flickr,https://commons.wikimedia.org/wiki/File:Icerya_purchasi_(14338384298).jpg,CC BY 2.0,https://creativecommons.org/licenses/by/2.0/,hemiptera_batch_04_coccoidea,Macro della femmina con grande ovisacco. È stato usato il thumbnail Wikimedia da 960 px e poi convertito in WebP.
myzus_cerasi,Myzus cerasi,Myzus cerasi,Hemiptera,Aphididae,myzus_cerasi_colony_01,apterous_colony,primary_context,True,assets/insects/hemiptera/myzus_cerasi_colony_01.webp,1400x1251,S. Rae,Flickr / Wikimedia Commons,https://commons.wikimedia.org/wiki/File:Myzus_cerasi_(Black_cherry_aphid)_-_Flickr_-_S._Rae.jpg,CC BY 2.0,https://creativecommons.org/licenses/by/2.0/,hemiptera_batch_03_aleyrodidae_aphididae,Forme attere nere in colonia su foglia.
myzus_cerasi,Myzus cerasi,Myzus cerasi,Hemiptera,Aphididae,myzus_cerasi_alate_01,alate_adult,adult_variant,True,assets/insects/hemiptera/myzus_cerasi_alate_01.webp,1024x768,AfroBrazilian,Wikimedia Commons,https://commons.wikimedia.org/wiki/File:Myzus_cerasi_01.JPG,CC BY-SA 3.0,https://creativecommons.org/licenses/by-sa/3.0/,hemiptera_batch_03_aleyrodidae_aphididae,Adulto alato.
myzus_persicae,Myzus persicae,Myzus persicae,Hemiptera,Aphididae,myzus_persicae_alate_01,alate_adult,adult_variant,True,assets/insects/hemiptera/myzus_persicae_alate_01.webp,640x780,Scott Bauer,USDA Agricultural Research Service / Wikimedia Commons,https://commons.wikimedia.org/wiki/File:Myzus_persicae.jpg,Public domain (USDA ARS),https://commons.wikimedia.org/wiki/File:Myzus_persicae.jpg,hemiptera_batch_03_aleyrodidae_aphididae,Adulto alato; pubblico dominio.
myzus_persicae,Myzus persicae,Myzus persicae,Hemiptera,Aphididae,myzus_persicae_apterous_01,apterous_adult,primary_diagnostic,True,assets/insects/hemiptera/myzus_persicae_apterous_01.webp,1131x1400,Jules Verne Times Two,Wikimedia Commons,"https://commons.wikimedia.org/wiki/File:Green_peach_aphid_(Myzus_persicae)_on_a_stem,_Lisbon,_Portugal_(approx._GPS_location)_julesvernex2.jpg",CC BY-SA 4.0,https://creativecommons.org/licenses/by-sa/4.0/,hemiptera_batch_03_aleyrodidae_aphididae,"Forme attere in macro; l’autore richiede credito visibile nelle pubblicazioni online, che l’app dovrà mostrare nella schermata crediti."
myzus_varians,Myzus varians,Myzus varians,Hemiptera,Aphididae,myzus_varians_adult_01,apterous_adult,primary_diagnostic,True,assets/insects/hemiptera/myzus_varians_adult_01.webp,1400x1050,Gilles San Martin,iNaturalist / Wikimedia Commons,https://commons.wikimedia.org/wiki/File:Myzus_varians_-_Gilles_San_Martin_-_231543404.jpeg,CC BY-SA 4.0,https://creativecommons.org/licenses/by-sa/4.0/,hemiptera_batch_03_aleyrodidae_aphididae,Adulto attero in macro.
myzus_varians,Myzus varians,Myzus varians,Hemiptera,Aphididae,myzus_varians_adult_02,apterous_adult,adult_variant,True,assets/insects/hemiptera/myzus_varians_adult_02.webp,1400x1050,Gilles San Martin,iNaturalist / Wikimedia Commons,https://commons.wikimedia.org/wiki/File:Myzus_varians_-_Gilles_San_Martin_-_231543310.jpeg,CC BY-SA 4.0,https://creativecommons.org/licenses/by-sa/4.0/,hemiptera_batch_03_aleyrodidae_aphididae,Seconda vista dell’adulto attero.
parthenolecanium_corni,Parthenolecanium corni,Parthenolecanium corni,Hemiptera,Coccidae,parthenolecanium_corni_colony_01,adult_females_colony,primary,True,assets/insects/hemiptera/coccoidea/parthenolecanium_corni_colony_01.webp,1400x1392,Slimguy,Wikimedia Commons,https://commons.wikimedia.org/wiki/File:2021_04_17_Parthenolecanium_corni.jpg,CC BY 4.0,https://creativecommons.org/licenses/by/4.0/,hemiptera_batch_04_coccoidea,Colonia su Prunus spinosa con formiche Lasius brunneus; molto utile per il riconoscimento contestuale.
parthenolecanium_corni,Parthenolecanium corni,Parthenolecanium corni,Hemiptera,Coccidae,parthenolecanium_corni_colony_02,colony_context,secondary_context,True,assets/insects/hemiptera/coccoidea/parthenolecanium_corni_colony_02.webp,1400x933,Slimguy,Wikimedia Commons,https://commons.wikimedia.org/wiki/File:2021_04_10_Ameisen.jpg,CC BY 4.0,https://creativecommons.org/licenses/by/4.0/,hemiptera_batch_04_coccoidea,"Immagine contestuale con formiche e cocciniglie sul ramo; utile come carta supplementare, non come foto diagnostica principale."
pulvinaria_hydrangeae,Pulvinaria hydrangeae,Eupulvinaria hydrangeae,Hemiptera,Coccidae,pulvinaria_hydrangeae_female_01,adult_female,primary,True,assets/insects/hemiptera/coccoidea/pulvinaria_hydrangeae_female_01.webp,1050x1400,Igor Balashov,Wikimedia Commons / iNaturalist,https://commons.wikimedia.org/wiki/File:Pulvinaria_hydrangeae_285909052.jpg,CC BY 4.0,https://creativecommons.org/licenses/by/4.0/,hemiptera_batch_04_coccoidea,Nome attuale: Pulvinaria hydrangeae; nella scheda del corso compare Eupulvinaria hydrangeae. Foto verificata da iNaturalistReviewBot su Commons.
pulvinaria_hydrangeae,Pulvinaria hydrangeae,Eupulvinaria hydrangeae,Hemiptera,Coccidae,pulvinaria_hydrangeae_female_ovisac_02,adult_female_ovisac,secondary,True,assets/insects/hemiptera/coccoidea/pulvinaria_hydrangeae_female_ovisac_02.webp,1050x1400,gbohne,Wikimedia Commons / Flickr,https://commons.wikimedia.org/wiki/File:Pulvinaria_hydrangeae_(Hemiptera-_Coccidae)_(10958921753).jpg,CC BY-SA 2.0,https://creativecommons.org/licenses/by-sa/2.0/,hemiptera_batch_04_coccoidea,La pagina sorgente esplicita il sinonimo di genere Eupulvinaria; utile per collegare la nomenclatura moderna a quella del corso.
saissetia_oleae,Saissetia oleae,Saissetia oleae,Hemiptera,Coccidae,saissetia_oleae_female_01,adult_female,primary,True,assets/insects/hemiptera/coccoidea/saissetia_oleae_female_01.webp,1305x1400,Toby Hudson,Wikimedia Commons,https://commons.wikimedia.org/wiki/File:Saissetia_oleae.jpg,CC BY-SA 3.0,https://creativecommons.org/licenses/by-sa/3.0/,hemiptera_batch_04_coccoidea,Adulti su ramo di limone; buona visibilità della forma dorsale.
saissetia_oleae,Saissetia oleae,Saissetia oleae,Hemiptera,Coccidae,saissetia_oleae_female_02,adult_female,secondary,True,assets/insects/hemiptera/coccoidea/saissetia_oleae_female_02.webp,405x254,Eric.Coffinet,Wikimedia Commons,https://commons.wikimedia.org/wiki/File:Olivier_cochenille-noire1.jpg,Public domain,https://creativecommons.org/publicdomain/mark/1.0/,hemiptera_batch_04_coccoidea,Immagine a bassa risoluzione ma utile come seconda variante; autore l’ha rilasciata nel pubblico dominio.
scaphoideus_titanus,Scaphoideus titanus,Scaphoideus titanus,Hemiptera,Cicadellidae,scaphoideus_titanus_adult_01,adult_female,primary_context,True,assets/insects/hemiptera/scaphoideus_titanus_adult_01.webp,1200x903,Yerpo,Wikimedia Commons / Fondazione Edmund Mach,https://commons.wikimedia.org/wiki/File:Scaphoideus_titanus_F.jpg,CC BY-SA 3.0,https://creativecommons.org/licenses/by-sa/3.0/,hemiptera_batch_01,Femmina adulta su foglia di vite. Conversione JPEG→WebP e ridimensionamento.
scaphoideus_titanus,Scaphoideus titanus,Scaphoideus titanus,Hemiptera,Cicadellidae,scaphoideus_titanus_adult_02,adult,diagnostic_isolated,True,assets/insects/hemiptera/scaphoideus_titanus_adult_02.webp,348x652,Lamiot,Wikimedia Commons,https://commons.wikimedia.org/wiki/File:ScaphoideusTitanusP.jpg,CC BY-SA 3.0,https://creativecommons.org/licenses/by-sa/3.0/,hemiptera_batch_01,"Adulto isolato, risoluzione originale modesta. Conversione JPEG→WebP, nessun upscaling."
scaphoideus_titanus,Scaphoideus titanus,Scaphoideus titanus,Hemiptera,Cicadellidae,scaphoideus_titanus_mating_01,adult_pair,supplementary_behavior,False,assets/insects/hemiptera/scaphoideus_titanus_mating_01.webp,1178x1200,Yerpo,Wikimedia Commons / Fondazione Edmund Mach,https://commons.wikimedia.org/wiki/File:Scaphoideus_titanus_mating.jpg,CC BY-SA 3.0,https://creativecommons.org/licenses/by-sa/3.0/,hemiptera_batch_01,"Coppia in accoppiamento su foglia di vite (maschio sopra, femmina sotto). Conversione JPEG→WebP e ridimensionamento."
trialeurodes_vaporariorum,Trialeurodes vaporariorum,Trialeurodes vaporariorum,Hemiptera,Aleyrodidae,trialeurodes_vaporariorum_adult_01,adult,primary_diagnostic,True,assets/insects/hemiptera/trialeurodes_vaporariorum_adult_01.webp,1200x900,Dr. Guido Bohne,iNaturalist / Wikimedia Commons,https://commons.wikimedia.org/wiki/File:Trialeurodes_vaporariorum_34941498.jpg,CC BY-SA 4.0,https://creativecommons.org/licenses/by-sa/4.0/,hemiptera_batch_03_aleyrodidae_aphididae,"Adulto isolato, ottimo per confronto con Bemisia tabaci."
trialeurodes_vaporariorum,Trialeurodes vaporariorum,Trialeurodes vaporariorum,Hemiptera,Aleyrodidae,trialeurodes_vaporariorum_juvenile_01,juvenile,juvenile_diagnostic,True,assets/insects/hemiptera/trialeurodes_vaporariorum_juvenile_01.webp,1400x1050,Tashkoskip,Wikimedia Commons,https://commons.wikimedia.org/wiki/File:Larva_of_Trialeurodes_vaporariorum.jpg,CC BY-SA 4.0,https://creativecommons.org/licenses/by-sa/4.0/,hemiptera_batch_03_aleyrodidae_aphididae,Tavola fotografica dello stadio giovanile. Il file sorgente usa il termine “larva”; nell’app lo etichettiamo genericamente come stadio giovanile/ninfale.
cassida_vittata,Cassida vittata,Cassida vittata,Coleoptera,Chrysomelidae,cassida_vittata_adult_01,adult,primary_context,True,assets/insects/coleoptera/cassida_vittata_adult_01.webp,800x600,J. Coelho,Wikimedia Commons / Flickr,https://commons.wikimedia.org/wiki/File:Cassidavittata.png,CC BY 2.0,https://creativecommons.org/licenses/by/2.0/,coleoptera_batch_01,Adulto vivo in contesto naturale.
cassida_vittata,Cassida vittata,Cassida vittata,Coleoptera,Chrysomelidae,cassida_vittata_adult_diagnostic_01,adult,diagnostic,False,assets/insects/coleoptera/cassida_vittata_adult_diagnostic_01.webp,1400x1033,URSchmidt (U. Schmidt),Wikimedia Commons,"https://commons.wikimedia.org/wiki/File:Cassida_vittata_Villers,_1789.png",CC BY-SA 4.0,https://creativecommons.org/licenses/by-sa/4.0/,coleoptera_batch_01,Esemplare isolato/determinato; utile come immagine diagnostica. La larva di C. vittata resta pending.
crioceris_asparagi,Crioceris asparagi,Crioceris asparagi,Coleoptera,Chrysomelidae,crioceris_asparagi_adult_01,adult,primary,True,assets/insects/coleoptera/crioceris_asparagi_adult_01.webp,1003x880,Slimguy,Wikimedia Commons,https://commons.wikimedia.org/wiki/File:2024_08_17_Crioceris_asparagi.jpg,CC BY-SA 4.0,https://creativecommons.org/licenses/by-sa/4.0/,coleoptera_batch_01,Adulto su asparago.
crioceris_asparagi,Crioceris asparagi,Crioceris asparagi,Coleoptera,Chrysomelidae,crioceris_asparagi_larva_01,larva,primary,True,assets/insects/coleoptera/crioceris_asparagi_larva_01.webp,1061x795,Hectonichus,Wikimedia Commons,https://commons.wikimedia.org/wiki/File:Chrysomelidae_-_Crioceris_asparagi_(larva).JPG,CC BY-SA 3.0,https://creativecommons.org/licenses/by-sa/3.0/,coleoptera_batch_01,Larva fotografata a Genova.
crioceris_asparagi,Crioceris asparagi,Crioceris asparagi,Coleoptera,Chrysomelidae,crioceris_asparagi_eggs_01,eggs,supplementary,False,assets/insects/coleoptera/crioceris_asparagi_eggs_01.webp,1400x1050,Vmenkov,Wikimedia Commons,https://commons.wikimedia.org/wiki/File:Asparagus_beetle_-_eggs_-_P1000034.JPG,CC BY-SA 3.0,https://creativecommons.org/licenses/by-sa/3.0/,coleoptera_batch_01,Uova deposte sullo stelo di asparago.
diabrotica_virgifera_virgifera,Diabrotica virgifera virgifera,Diabrotica virgifera virgifera,Coleoptera,Chrysomelidae,diabrotica_virgifera_virgifera_adult_01,adult,primary,True,assets/insects/coleoptera/diabrotica_virgifera_virgifera_adult_01.webp,1400x933,"Whitney Cranshaw, Colorado State University",Wikimedia Commons / IPM Images / Bugwood,https://commons.wikimedia.org/wiki/File:Diabrotica_virgifera_virgifera_on_cabbage.jpg,CC BY 3.0,https://creativecommons.org/licenses/by/3.0/,coleoptera_batch_01,Adulto su foglia.
diabrotica_virgifera_virgifera,Diabrotica virgifera virgifera,Diabrotica virgifera virgifera,Coleoptera,Chrysomelidae,diabrotica_virgifera_virgifera_larva_01,larva,primary,True,assets/insects/coleoptera/diabrotica_virgifera_virgifera_larva_01.webp,1400x897,"Scott Bauer, USDA Agricultural Research Service",Wikimedia Commons / IPM Images / Bugwood,https://commons.wikimedia.org/wiki/File:Diabrotica_virgifera_virgifera_larvae.jpg,CC BY 3.0,https://creativecommons.org/licenses/by/3.0/,coleoptera_batch_01,Larva radicale.
leptinotarsa_decemlineata,Leptinotarsa decemlineata,Leptinotarsa decemlineata,Coleoptera,Chrysomelidae,leptinotarsa_decemlineata_adult_01,adult,primary,True,assets/insects/coleoptera/leptinotarsa_decemlineata_adult_01.webp,1400x1156,xpda (Robert Webster),Wikimedia Commons,https://commons.wikimedia.org/wiki/File:Leptinotarsa_decemlineata_P1310927a.jpg,CC BY-SA 4.0,https://creativecommons.org/licenses/by-sa/4.0/,coleoptera_batch_01,Adulto su pianta.
leptinotarsa_decemlineata,Leptinotarsa decemlineata,Leptinotarsa decemlineata,Coleoptera,Chrysomelidae,leptinotarsa_decemlineata_larva_01,larva,primary_macro,True,assets/insects/coleoptera/leptinotarsa_decemlineata_larva_01.webp,1400x959,Retro Lenses,Wikimedia Commons,https://commons.wikimedia.org/wiki/File:The_Colorado_potato_beetle_(Leptinotarsa_decemlineata).jpg,CC BY 4.0,https://creativecommons.org/licenses/by/4.0/,coleoptera_batch_01,Macro della larva ottenuta mediante focus stacking.
leptinotarsa_decemlineata,Leptinotarsa decemlineata,Leptinotarsa decemlineata,Coleoptera,Chrysomelidae,leptinotarsa_decemlineata_eggs_01,eggs,supplementary,False,assets/insects/coleoptera/leptinotarsa_decemlineata_eggs_01.webp,1400x1003,Tauno Erik,Wikimedia Commons,https://commons.wikimedia.org/wiki/File:Leptinotarsa_decemlineata_eggs_estonia_01.JPG,CC BY-SA 3.0,https://creativecommons.org/licenses/by-sa/3.0/,coleoptera_batch_01,Ovatura sulla pagina inferiore di una foglia.
popillia_japonica,Popillia japonica,Popillia japonica,Coleoptera,Scarabaeidae,popillia_japonica_adult_01,adult,primary,True,assets/insects/coleoptera/popillia_japonica_adult_01.webp,1400x1400,Bruce Marlin,Wikimedia Commons,https://commons.wikimedia.org/wiki/File:Popillia_japonica.jpg,CC BY 3.0,https://creativecommons.org/licenses/by/3.0/,coleoptera_batch_01,Adulto in macro su fiore.
popillia_japonica,Popillia japonica,Popillia japonica,Coleoptera,Scarabaeidae,popillia_japonica_larva_01,larva,primary,True,assets/insects/coleoptera/popillia_japonica_larva_01.webp,1400x1345,Gilles San Martin,Wikimedia Commons / Flickr,https://commons.wikimedia.org/wiki/File:Popillia_japonica_(51136409324).jpg,CC BY-SA 2.0,https://creativecommons.org/licenses/by-sa/2.0/,coleoptera_batch_01,Larva scarabeiforme in vista laterale; focus stack.
xanthogaleruca_luteola,Xanthogaleruca luteola,Xanthogaleruca luteola,Coleoptera,Chrysomelidae,xanthogaleruca_luteola_adult_01,adult,primary,True,assets/insects/coleoptera/xanthogaleruca_luteola_adult_01.webp,1400x1091,Lucarelli,Wikimedia Commons,https://commons.wikimedia.org/wiki/File:Xanthogaleruca_luteola_1.JPG,CC BY-SA 3.0,https://creativecommons.org/licenses/by-sa/3.0/,coleoptera_batch_01,Adulto fotografato in Toscana.
xanthogaleruca_luteola,Xanthogaleruca luteola,Xanthogaleruca luteola,Coleoptera,Chrysomelidae,xanthogaleruca_luteola_larva_01,larva,primary,True,assets/insects/coleoptera/xanthogaleruca_luteola_larva_01.webp,1400x1050,jacilluch,Wikimedia Commons / Flickr,https://commons.wikimedia.org/wiki/File:Xanthogaleruca_luteola_larva_-_Galeruca_del_olmo_(9550667900).jpg,CC BY-SA 2.0,https://creativecommons.org/licenses/by-sa/2.0/,coleoptera_batch_01,Larva su foglia di olmo.
xanthogaleruca_luteola,Xanthogaleruca luteola,Xanthogaleruca luteola,Coleoptera,Chrysomelidae,xanthogaleruca_luteola_damage_01,damage,supplementary_damage,False,assets/insects/coleoptera/xanthogaleruca_luteola_damage_01.webp,1050x1400,Georg Slickers,Wikimedia Commons,https://commons.wikimedia.org/wiki/File:Xanthogaleruca_luteola_20060905_530.jpg,CC BY-SA 3.0,https://creativecommons.org/licenses/by-sa/3.0/,coleoptera_batch_01,Larve e foglie di olmo fortemente scheletrizzate.
bactrocera_dorsalis,Bactrocera dorsalis,Bactrocera dorsalis,Diptera,Tephritidae,bactrocera_dorsalis_adult_01,adult,primary,True,assets/insects/diptera/bactrocera_dorsalis_adult_01.webp,1000x668,"Scott Bauer, USDA ARS",Wikimedia Commons,https://commons.wikimedia.org/wiki/File:Bactrocera_dorsalis.jpg,Public domain,,diptera_batch_01,Femmina mentre ovidepone in un frutto.
bactrocera_dorsalis,Bactrocera dorsalis,Bactrocera dorsalis,Diptera,Tephritidae,bactrocera_dorsalis_dorsal_01,adult,diagnostic,False,assets/insects/diptera/bactrocera_dorsalis_dorsal_01.webp,720x540,Ken Walker / Museum Victoria,Wikimedia Commons,https://commons.wikimedia.org/wiki/File:Bactrocera_dorsalis_dorsal.jpg,CC BY 3.0 AU,https://creativecommons.org/licenses/by/3.0/au/deed.en,diptera_batch_01,Vista dorsale diagnostica.
bactrocera_oleae,Bactrocera oleae,Bactrocera oleae,Diptera,Tephritidae,bactrocera_oleae_adult_01,adult,primary,True,assets/insects/diptera/bactrocera_oleae_adult_01.webp,750x1000,Katja Schulz,Wikimedia Commons,https://commons.wikimedia.org/wiki/File:Bactrocera_oleae_60003340.jpg,CC BY 4.0,https://creativecommons.org/licenses/by/4.0/,diptera_batch_01,Adulto su foglia.
bactrocera_oleae,Bactrocera oleae,Bactrocera oleae,Diptera,Tephritidae,bactrocera_oleae_larva_01,larva,primary,True,assets/insects/diptera/bactrocera_oleae_larva_01.webp,1000x750,Istituto Professionale Agrario Cettolini,Wikimedia Commons,https://commons.wikimedia.org/wiki/File:Bactrocera_oleae_g1.jpg,CC BY-SA 3.0,https://creativecommons.org/licenses/by-sa/3.0/,diptera_batch_01,Larva di III età nel frutto.
bactrocera_oleae,Bactrocera oleae,Bactrocera oleae,Diptera,Tephritidae,bactrocera_oleae_puparium_01,puparium,supplementary,False,assets/insects/diptera/bactrocera_oleae_puparium_01.webp,320x240,Istituto Professionale Agrario Cettolini,Wikimedia Commons,https://commons.wikimedia.org/wiki/File:Bactrocera_oleae_g3.jpg,CC BY-SA 3.0,https://creativecommons.org/licenses/by-sa/3.0/,diptera_batch_01,Pupario.
ceratitis_capitata,Ceratitis capitata,Ceratitis capitata,Diptera,Tephritidae,ceratitis_capitata_adult_01,adult,primary,True,assets/insects/diptera/ceratitis_capitata_adult_01.webp,1000x750,Daniel Feliciano,Wikimedia Commons,https://commons.wikimedia.org/wiki/File:Ceratitis_capitata_-_adult.jpg,CC BY-SA 4.0,https://creativecommons.org/licenses/by-sa/4.0/,diptera_batch_01,Adulto.
ceratitis_capitata,Ceratitis capitata,Ceratitis capitata,Diptera,Tephritidae,ceratitis_capitata_larvae_01,larva,primary,True,assets/insects/diptera/ceratitis_capitata_larvae_01.webp,1000x750,Daniel Feliciano,Wikimedia Commons,https://commons.wikimedia.org/wiki/File:Ceratitis_capitata_-_larvae.jpg,CC BY-SA 4.0,https://creativecommons.org/licenses/by-sa/4.0/,diptera_batch_01,Larva nel frutto.
ceratitis_capitata,Ceratitis capitata,Ceratitis capitata,Diptera,Tephritidae,ceratitis_capitata_pupae_01,puparia,supplementary,False,assets/insects/diptera/ceratitis_capitata_pupae_01.webp,1000x751,Daniel Feliciano,Wikimedia Commons,https://commons.wikimedia.org/wiki/File:Ceratitis_capitata_-_pupae_2.jpg,CC BY-SA 4.0,https://creativecommons.org/licenses/by-sa/4.0/,diptera_batch_01,Pupari.
drosophila_suzukii,Drosophila suzukii,Drosophila suzukii,Diptera,Drosophilidae,drosophila_suzukii_male_01,adult_male,primary,True,assets/insects/diptera/drosophila_suzukii_male_01.webp,1000x743,Martin Hauser,Wikimedia Commons,https://commons.wikimedia.org/wiki/File:D_suzukii_male1.jpg,CC BY 3.0 DE,https://creativecommons.org/licenses/by/3.0/de/deed.en,diptera_batch_01,Maschio adulto; carattere diagnostico evidente: macchia scura apicale sulle ali.
drosophila_suzukii,Drosophila suzukii,Drosophila suzukii,Diptera,Drosophilidae,drosophila_suzukii_female_01,adult_female,primary,True,assets/insects/diptera/drosophila_suzukii_female_01.webp,854x628,Martin Hauser,Wikimedia Commons,https://commons.wikimedia.org/wiki/File:D_suzukii_female1.jpg,CC BY 3.0 DE,https://creativecommons.org/licenses/by/3.0/de/deed.en,diptera_batch_01,Femmina adulta.
drosophila_suzukii,Drosophila suzukii,Drosophila suzukii,Diptera,Drosophilidae,drosophila_suzukii_comparison_01,adult_pair,supplementary_comparison,False,assets/insects/diptera/drosophila_suzukii_comparison_01.webp,1000x667,Shane F. McEvey / Australian Museum,Wikimedia Commons,https://commons.wikimedia.org/wiki/File:DrosophilasuzukiiphotoMcEvey.jpg,CC BY 4.0,https://creativecommons.org/licenses/by/4.0/,diptera_batch_01,Confronto maschio e femmina.
drosophila_suzukii,Drosophila suzukii,Drosophila suzukii,Diptera,Drosophilidae,drosophila_suzukii_oviposition_scar_01,damage,supplementary_damage,False,assets/insects/diptera/drosophila_suzukii_oviposition_scar_01.webp,773x1000,Martin Hauser,Wikimedia Commons,https://commons.wikimedia.org/wiki/File:Drosophila_suzukii_Oviposition_scar.jpg,CC BY 3.0 DE,https://creativecommons.org/licenses/by/3.0/de/deed.en,diptera_batch_01,Segni di ovideposizione e danni sui frutti.
rhagoletis_cerasi,Rhagoletis cerasi,Rhagoletis cerasi,Diptera,Tephritidae,rhagoletis_cerasi_adult_01,adult,primary,True,assets/insects/diptera/rhagoletis_cerasi_adult_01.webp,1000x666,Gilles San Martin,Wikimedia Commons / Flickr,https://commons.wikimedia.org/wiki/File:Rhagoletis_cerasi_(50738351337).jpg,CC BY-SA 2.0,https://creativecommons.org/licenses/by-sa/2.0/,diptera_batch_01,Adulto.
rhagoletis_cerasi,Rhagoletis cerasi,Rhagoletis cerasi,Diptera,Tephritidae,rhagoletis_cerasi_larva_01,larva,primary,True,assets/insects/diptera/rhagoletis_cerasi_larva_01.webp,1000x667,Holger Krisp,Wikimedia Commons,https://commons.wikimedia.org/wiki/File:Kirschfruchtfliege_Rhagoletis_cerasi_2.jpg,CC BY 4.0,https://creativecommons.org/licenses/by/4.0/,diptera_batch_01,Larva.
rhagoletis_completa,Rhagoletis completa,Rhagoletis completa,Diptera,Tephritidae,rhagoletis_completa_adult_01,adult_female,primary,True,assets/insects/diptera/rhagoletis_completa_adult_01.webp,1000x932,Ralf Huber,Wikimedia Commons,https://commons.wikimedia.org/wiki/File:2023_07_15_Rhagoletis_completa_1a.jpg,CC BY-SA 4.0,https://creativecommons.org/licenses/by-sa/4.0/,diptera_batch_01,Femmina adulta.
rhagoletis_completa,Rhagoletis completa,Rhagoletis completa,Diptera,Tephritidae,rhagoletis_completa_larvae_01,larva,primary,True,assets/insects/diptera/rhagoletis_completa_larvae_01.webp,1000x750,Drahkrub,Wikimedia Commons,https://commons.wikimedia.org/wiki/File:Rhagoletis_completa-(drkb)-1.jpg,CC BY-SA 4.0,https://creativecommons.org/licenses/by-sa/4.0/,diptera_batch_01,Larve della mosca del noce.
cydia_pomonella,Cydia pomonella,Cydia pomonella,Lepidoptera,Tortricidae,cydia_pomonella_adult_01,adult,primary,True,assets/insects/lepidoptera/cydia_pomonella_adult_01.webp,1000x743,Ben Sale,Wikimedia Commons / Flickr,https://commons.wikimedia.org/wiki/File:Cydia_pomonella_(30163741937).jpg,CC BY 2.0,https://creativecommons.org/licenses/by/2.0/,lepidoptera_batch_01,Adulto principale.
cydia_pomonella,Cydia pomonella,Cydia pomonella,Lepidoptera,Tortricidae,cydia_pomonella_larva_01,larva,primary,True,assets/insects/lepidoptera/cydia_pomonella_larva_01.webp,1000x661,"Peggy Greb, USDA Agricultural Research Service",Wikimedia Commons,https://commons.wikimedia.org/wiki/File:Cydia_pomonella_larva.jpg,Public domain,,lepidoptera_batch_01,Larva isolata.
cydia_pomonella,Cydia pomonella,Cydia pomonella,Lepidoptera,Tortricidae,cydia_pomonella_damage_01,larva_damage,supplementary_damage,False,assets/insects/lepidoptera/cydia_pomonella_damage_01.webp,1000x744,"Doug Wilson, USDA ARS",Wikimedia Commons,https://commons.wikimedia.org/wiki/File:Madige-Apfel-Frucht.jpg,Public domain,,lepidoptera_batch_01,Larva e danno su mela sezionata.
cydia_splendana,Cydia splendana,Cydia splendana,Lepidoptera,Tortricidae,cydia_splendana_adult_01,adult,primary,True,assets/insects/lepidoptera/cydia_splendana_adult_01.webp,1000x840,gailhampshire,Wikimedia Commons / Flickr,"https://commons.wikimedia.org/wiki/File:Chestnut_Tortrix,_Cydia_splendana_(48308117912).jpg",CC BY 2.0,https://creativecommons.org/licenses/by/2.0/,lepidoptera_batch_01,Adulto principale.
cydia_splendana,Cydia splendana,Cydia splendana,Lepidoptera,Tortricidae,cydia_splendana_larva_01,larva,primary,True,assets/insects/lepidoptera/cydia_splendana_larva_01.webp,1000x750,Patrick Clement,Wikimedia Commons / Flickr,"https://commons.wikimedia.org/wiki/File:49.341_BF1260_Cydia_splendana,_larva_(10446559673).jpg",CC BY 2.0,https://creativecommons.org/licenses/by/2.0/,lepidoptera_batch_01,Larva trovata in una castagna.
grapholita_funebrana,Grapholita funebrana,Grapholita (Cydia) funebrana,Lepidoptera,Tortricidae,grapholita_funebrana_adult_01,adult,primary,True,assets/insects/lepidoptera/grapholita_funebrana_adult_01.webp,1000x794,Ben Sale,Wikimedia Commons / Flickr,https://commons.wikimedia.org/wiki/File:Grapholita_funebrana_(52883809387).jpg,CC BY 2.0,https://creativecommons.org/licenses/by/2.0/,lepidoptera_batch_01,Adulto principale.
grapholita_funebrana,Grapholita funebrana,Grapholita (Cydia) funebrana,Lepidoptera,Tortricidae,grapholita_funebrana_larva_01,larva,primary,True,assets/insects/lepidoptera/grapholita_funebrana_larva_01.webp,670x379,Slimguy,Wikimedia Commons,https://commons.wikimedia.org/wiki/File:2017_08_08_Grapholita_funebrana.jpg,CC BY 4.0,https://creativecommons.org/licenses/by/4.0/,lepidoptera_batch_01,"Larva esplicitamente identificata; originale a bassa risoluzione, non ingrandito."
grapholita_molesta,Grapholita molesta,Grapholita (Cydia) molesta,Lepidoptera,Tortricidae,grapholita_molesta_adult_01,adult,primary_diagnostic,True,assets/insects/lepidoptera/grapholita_molesta_adult_01.webp,720x540,"Simon Hinkley & Ken Walker, Museum Victoria",Wikimedia Commons / PaDIL,https://commons.wikimedia.org/wiki/File:Grapholita_molesta_dorsal.jpg,CC BY 3.0 AU,https://creativecommons.org/licenses/by/3.0/au/,lepidoptera_batch_01,"Adulto diagnostico in vista dorsale; originale a bassa risoluzione, non ingrandito."
grapholita_molesta,Grapholita molesta,Grapholita (Cydia) molesta,Lepidoptera,Tortricidae,grapholita_molesta_life_cycle_01,life_cycle_plate,supplementary_study,False,assets/insects/lepidoptera/grapholita_molesta_life_cycle_01.webp,613x1000,Art Cushman / USDA-Smithsonian,Wikimedia Commons,https://commons.wikimedia.org/wiki/File:Grapholitha_molesta.jpg,Public domain,,lepidoptera_batch_01,"Tavola biologica con adulto, pupa, larve e danno su germoglio/frutto. Materiale di studio, non fotografia d'esame."
comparison,Thrips tabaci + Frankliniella occidentalis,Confronto,Thysanoptera,Thripidae,thysanoptera_comparison_01,adult,comparison,False,assets/insects/thysanoptera/thysanoptera_comparison_01.webp,512x768,"Alton N. Sparks, Jr., University of Georgia, Bugwood.org",Wikimedia Commons / Bugwood,"https://commons.wikimedia.org/wiki/File:Thrips_tabaci,_Frankliniella_occidentalis.jpg",CC BY 3.0 US,https://creativecommons.org/licenses/by/3.0/us/,thysanoptera_batch_01,"Carta comparativa: T. tabaci a sinistra, F. occidentalis a destra."
